NOME;EMAIL;CPF;TELEFONE;LOGIN;SENHA;ID_ENDERECO;ID_TIPO_USUARIO;ID_INSTITUICAO
Ferdinand;Ferdinand@hotmail.com;835.658.400-05;(53)99620-2626;Ferdinand;Ferdinand@#$456;11;4;19
Jianhui;Jianhui@hotmail.com;260.401.950-70;(96)98255-2934;Jianhui;Jianhui@#$456;5;3;64
Jaewon;Jaewon@hotmail.com;181.409.720-10;(68)99688-0154;Jaewon;Jaewon@#$456;6;2;20
Mahendra;Mahendra@hotmail.com;710.614.970-54;(38)98264-6518;Mahendra;Mahendra@#$456;6;4;88
Demos;Demos@hotmail.com;980.482.570-84;(49)99832-9692;Demos;Demos@#$456;10;2;18
Arif;Arif@hotmail.com;462.942.410-57;(82)99705-8384;Arif;Arif@#$456;7;3;143
Dipayan;Dipayan@hotmail.com;868.524.060-32;(73)98801-0887;Dipayan;Dipayan@#$456;11;4;60
Tesuro;Tesuro@hotmail.com;599.073.820-00;(44)99405-3390;Tesuro;Tesuro@#$456;15;2;115
Manibrata;Manibrata@hotmail.com;652.557.420-07;(51)99541-9104;Manibrata;Manibrata@#$456;9;3;41
Remmert;Remmert@hotmail.com;267.431.750-72;(42)99489-7185;Remmert;Remmert@#$456;16;4;104
Gaetan;Gaetan@hotmail.com;475.103.400-63;(61)99222-3693;Gaetan;Gaetan@#$456;11;2;107
Kellyn;Kellyn@hotmail.com;038.498.670-64;(68)98965-9522;Kellyn;Kellyn@#$456;16;3;98
Jinpo;Jinpo@hotmail.com;251.313.950-03;(98)99856-5794;Jinpo;Jinpo@#$456;4;4;54
Hiroyasu;Hiroyasu@hotmail.com;669.815.460-19;(63)99804-5023;Hiroyasu;Hiroyasu@#$456;14;3;42
Rosella;Rosella@hotmail.com;159.510.210-81;(92)99139-0422;Rosella;Rosella@#$456;8;2;60
Zhiguo;Zhiguo@hotmail.com;017.361.280-60;(96)98878-3931;Zhiguo;Zhiguo@#$456;3;1;53
Sergi;Sergi@hotmail.com;575.375.430-97;(89)98430-7093;Sergi;Sergi@#$456;16;1;85
Claudi;Claudi@hotmail.com;211.246.041-20 ;(11)91958-0656;Claudi;Claudi@#$456;3;1;156
Jiong;Jiong@hotmail.com;299.827.458-75 ;(38)98544-7826;Jiong;Jiong@#$456;12;1;158
Kenton;Kenton@hotmail.com;288.892.178-20 ;(39)93820-0532;Kenton;Kenton@#$456;13;1;118
Nechama;Nechama@hotmail.com;387.828.878-61 ;(41)91327-9822;Nechama;Nechama@#$456;5;1;106
Masadi;Masadi@hotmail.com;315.140.728-58 ;(17)91659-9262;Masadi;Masadi@#$456;15;1;81
Kersti;Kersti@hotmail.com;400.640.618-50 ;(91)93029-3457;Kersti;Kersti@#$456;13;1;126
Djelloul;Djelloul@hotmail.com;136.729.298-08 ;(71)98506-8239;Djelloul;Djelloul@#$456;17;1;66
Mikhail;Mikhail@hotmail.com;369.076.948-59 ;(56)96458-0890;Mikhail;Mikhail@#$456;13;1;28
Ugo;Ugo@hotmail.com;172.153.098-35 ;(30)91346-8226;Ugo;Ugo@#$456;3;1;126
Youssef;Youssef@hotmail.com;298.152.528-01 ;(01)94797-1986;Youssef;Youssef@#$456;13;1;139
Yolla;Yolla@hotmail.com;088.458.748-77 ;(40)91319-2286;Yolla;Yolla@#$456;12;1;40
Hirochika;Hirochika@hotmail.com;275.667.278-50 ;(09)97689-8439;Hirochika;Hirochika@#$456;1;1;24
Bernardo;Bernardo@hotmail.com;181.825.918-48 ;(77)95484-3407;Bernardo;Bernardo@#$456;13;1;7
Vojin;Vojin@hotmail.com;420.591.348-62 ;(10)97039-9929;Vojin;Vojin@#$456;17;1;89
Shimshon;Shimshon@hotmail.com;330.185.848-13 ;(05)97042-3381;Shimshon;Shimshon@#$456;1;1;55
Anyuan;Anyuan@hotmail.com;181.197.178-48 ;(46)99893-8690;Anyuan;Anyuan@#$456;2;1;74
Vidar;Vidar@hotmail.com;200.512.908-98 ;(60)90690-9909;Vidar;Vidar@#$456;4;1;46
Faiza;Faiza@hotmail.com;151.255.898-29 ;(79)99032-8432;Faiza;Faiza@#$456;3;1;155
Yoshimitsu;Yoshimitsu@hotmail.com;175.440.088-43 ;(21)90606-5042;Yoshimitsu;Yoshimitsu@#$456;13;1;139
Garnik;Garnik@hotmail.com;172.154.348-18 ;(59)91580-5843;Garnik;Garnik@#$456;7;1;78
Mooi;Mooi@hotmail.com;265.655.728-36 ;(33)91625-0563;Mooi;Mooi@#$456;17;1;142
Eckart;Eckart@hotmail.com;007.231.386-21 ;(69)97357-7892;Eckart;Eckart@#$456;13;1;79
Vincent;Vincent@hotmail.com;262.802.768-21 ;(08)96044-5729;Vincent;Vincent@#$456;4;1;69
Holgard;Holgard@hotmail.com;306.818.488-63 ;(35)93969-6952;Holgard;Holgard@#$456;3;1;98
Yuguang;Yuguang@hotmail.com;594.765.248-04 ;(26)94042-9700;Yuguang;Yuguang@#$456;12;1;32
Leah;Leah@hotmail.com;404.220.138-54 ;(60)90157-3597;Leah;Leah@#$456;10;1;30
Khaled;Khaled@hotmail.com;288.173.938-51 ;(36)97236-8551;Khaled;Khaled@#$456;11;1;160
Zhongwei;Zhongwei@hotmail.com;181.197.158-02 ;(01)96213-3199;Zhongwei;Zhongwei@#$456;10;1;82
Guenter;Guenter@hotmail.com;025.220.606-19 ;(90)98743-6149;Guenter;Guenter@#$456;16;1;86
Satyanarayana;Satyanarayana@hotmail.com;145.595.238-94 ;(22)92907-4105;Satyanarayana;Satyanarayana@#$456;17;1;139
Ioana;Ioana@hotmail.com;042.500.546-16 ;(68)94016-9189;Ioana;Ioana@#$456;9;1;123
Xiong;Xiong@hotmail.com;071.075.748-41 ;(66)96038-5377;Xiong;Xiong@#$456;13;1;31
Pascal;Pascal@hotmail.com;164.011.988-42 ;(96)95717-7703;Pascal;Pascal@#$456;10;1;130
Along;Along@hotmail.com;136.729.278-64 ;(54)96147-9396;Along;Along@#$456;4;1;87
Adam;Adam@hotmail.com;340.419.858-11 ;(57)93326-1020;Adam;Adam@#$456;9;1;75
Gritta;Gritta@hotmail.com;300.253.008-57 ;(87)99546-6811;Gritta;Gritta@#$456;12;1;133
Satosi;Satosi@hotmail.com;319.376.938-05 ;(82)96520-5900;Satosi;Satosi@#$456;11;1;158
Shigeaki;Shigeaki@hotmail.com;326.473.998-40 ;(34)99050-3681;Shigeaki;Shigeaki@#$456;1;1;125
Vugranam;Vugranam@hotmail.com;324.032.978-60 ;(77)97436-5484;Vugranam;Vugranam@#$456;14;1;97
Youngkon;Youngkon@hotmail.com;354.097.138-69 ;(50)99559-5669;Youngkon;Youngkon@#$456;16;1;28
Subhash;Subhash@hotmail.com;395.155.738-90 ;(60)96632-5562;Subhash;Subhash@#$456;11;1;78
Boguslaw;Boguslaw@hotmail.com;358.987.178-46 ;(46)96021-9684;Boguslaw;Boguslaw@#$456;5;1;54
Pantung;Pantung@hotmail.com;267.386.398-21 ;(89)92758-3490;Pantung;Pantung@#$456;6;1;133
Yurij;Yurij@hotmail.com;372.490.568-83 ;(66)98813-5469;Yurij;Yurij@#$456;3;1;72
Vishwani;Vishwani@hotmail.com;371.937.828-43 ;(39)94481-3272;Vishwani;Vishwani@#$456;8;1;105
Sahrah;Sahrah@hotmail.com;094.812.678-73 ;(09)97831-8364;Sahrah;Sahrah@#$456;13;1;63
Troy;Troy@hotmail.com;301.412.588-10 ;(53)92887-5788;Troy;Troy@#$456;17;1;140
Patricio;Patricio@hotmail.com;265.358.458-18 ;(23)94377-1991;Patricio;Patricio@#$456;4;1;88
Nalini;Nalini@hotmail.com;406.462.148-45 ;(70)93887-5270;Nalini;Nalini@#$456;8;1;45
Frazer;Frazer@hotmail.com;323.948.178-28 ;(09)93750-6479;Frazer;Frazer@#$456;14;1;129
Leszek;Leszek@hotmail.com;176.141.228-01 ;(22)95944-9646;Leszek;Leszek@#$456;17;1;64
Val;Val@hotmail.com;789.691.584-72 ;(75)95408-2142;Val;Val@#$456;12;1;135
Zine;Zine@hotmail.com;332.921.258-63 ;(70)96860-6688;Zine;Zine@#$456;7;1;83
Xiaoqiang;Xiaoqiang@hotmail.com;172.154.658-88 ;(38)93879-2369;Xiaoqiang;Xiaoqiang@#$456;7;1;75
Shuichi;Shuichi@hotmail.com;314.041.948-19 ;(24)99061-4922;Shuichi;Shuichi@#$456;12;1;23
Valdiodio;Valdiodio@hotmail.com;302.288.198-30 ;(91)97983-7611;Valdiodio;Valdiodio@#$456;15;1;111
Debatosh;Debatosh@hotmail.com;283.814.948-26 ;(59)92425-1143;Debatosh;Debatosh@#$456;6;1;140
Josyula;Josyula@hotmail.com;366.316.188-94 ;(44)92592-8227;Josyula;Josyula@#$456;1;1;151
Beshir;Beshir@hotmail.com;228.611.418-83 ;(97)91248-4539;Beshir;Beshir@#$456;17;1;132
Arno;Arno@hotmail.com;321.199.588-90 ;(54)97069-5059;Arno;Arno@#$456;12;1;40
Pradeep;Pradeep@hotmail.com;029.318.016-40 ;(85)93145-3193;Pradeep;Pradeep@#$456;11;1;75
Margo;Margo@hotmail.com;002.970.611-43 ;(16)93909-2057;Margo;Margo@#$456;8;1;91
Poorav;Poorav@hotmail.com;338.235.088-22 ;(28)91231-8367;Poorav;Poorav@#$456;13;1;155
Berna;Berna@hotmail.com;380.890.648-09 ;(98)93524-4536;Berna;Berna@#$456;4;1;101
Ziva;Ziva@hotmail.com;389.656.378-56 ;(75)92683-1584;Ziva;Ziva@#$456;11;1;124
Shirish;Shirish@hotmail.com;408.023.528-39 ;(06)97151-7207;Shirish;Shirish@#$456;15;1;40
Honesty;Honesty@hotmail.com;274.617.758-71 ;(33)93889-1419;Honesty;Honesty@#$456;4;1;60
Deborah;Deborah@hotmail.com;088.471.688-05 ;(35)98674-5285;Deborah;Deborah@#$456;1;1;61
Somnath;Somnath@hotmail.com;323.963.968-89 ;(66)94747-7280;Somnath;Somnath@#$456;7;1;96
Turgut;Turgut@hotmail.com;385.605.638-65 ;(18)93008-1985;Turgut;Turgut@#$456;4;1;129
Morris;Morris@hotmail.com;178.709.248-81 ;(62)93175-9246;Morris;Morris@#$456;13;1;71
Gou;Gou@hotmail.com;112.851.208-41 ;(83)93615-4205;Gou;Gou@#$456;8;1;9
Iara;Iara@hotmail.com;271.698.438-70 ;(46)91281-1377;Iara;Iara@#$456;6;1;156
Aemilian;Aemilian@hotmail.com;349.444.908-28 ;(09)92584-0539;Aemilian;Aemilian@#$456;1;1;41
Naftaly;Naftaly@hotmail.com;129.387.278-44 ;(65)90292-3538;Naftaly;Naftaly@#$456;9;1;6
Tristan;Tristan@hotmail.com;106.277.358-60 ;(40)90613-3993;Tristan;Tristan@#$456;11;1;160
Foong;Foong@hotmail.com;040.360.566-03 ;(29)97792-1918;Foong;Foong@#$456;17;1;4
Stamatina;Stamatina@hotmail.com;309.788.488-29 ;(10)93339-6201;Stamatina;Stamatina@#$456;16;1;46
Aloys;Aloys@hotmail.com;707.441.301-15 ;(08)94414-4527;Aloys;Aloys@#$456;9;1;9
Basant;Basant@hotmail.com;136.728.998-01 ;(04)94263-4486;Basant;Basant@#$456;17;1;75
Padma;Padma@hotmail.com;114.517.018-88 ;(29)98160-2832;Padma;Padma@#$456;1;1;125
Toney;Toney@hotmail.com;136.728.538-01 ;(87)98223-5975;Toney;Toney@#$456;1;1;80
Kazunori;Kazunori@hotmail.com;331.279.018-28 ;(28)90635-4996;Kazunori;Kazunori@#$456;2;1;69
Arlette;Arlette@hotmail.com;041.080.888-16 ;(87)95994-3211;Arlette;Arlette@#$456;16;1;72
Rosli;Rosli@hotmail.com;337.212.428-66 ;(94)93292-0572;Rosli;Rosli@#$456;11;1;36
Margareta;Margareta@hotmail.com;305.595.208-16 ;(88)97336-3952;Margareta;Margareta@#$456;10;1;101
Lunjin;Lunjin@hotmail.com;363.148.899-87 ;(11)96659-7696;Lunjin;Lunjin@#$456;8;1;1
Mariangiola;Mariangiola@hotmail.com;367.495.618-70 ;(28)99585-3192;Mariangiola;Mariangiola@#$456;8;1;109
Augustine;Augustine@hotmail.com;787.701.226-87 ;(66)93392-9200;Augustine;Augustine@#$456;10;1;160
Armond;Armond@hotmail.com;283.326.428-33 ;(77)99645-6069;Armond;Armond@#$456;4;1;105
Syozo;Syozo@hotmail.com;301.521.758-57 ;(65)97188-0187;Syozo;Syozo@#$456;11;1;158
Serap;Serap@hotmail.com;139.918.336-20 ;(21)97509-5132;Serap;Serap@#$456;13;1;133
Masali;Masali@hotmail.com;026.117.576-90 ;(28)92853-4420;Masali;Masali@#$456;15;1;66
Khatoun;Khatoun@hotmail.com;248.043.168-17 ;(91)98829-7079;Khatoun;Khatoun@#$456;7;1;157
Katsuyuki;Katsuyuki@hotmail.com;360.345.038-84 ;(44)92304-6229;Katsuyuki;Katsuyuki@#$456;14;1;116
Danco;Danco@hotmail.com;113.896.708-48 ;(57)96911-1210;Danco;Danco@#$456;16;1;25
Genevieve;Genevieve@hotmail.com;261.235.638-07 ;(08)96067-7581;Genevieve;Genevieve@#$456;3;1;12
Theron;Theron@hotmail.com;271.189.008-26 ;(15)90522-8144;Theron;Theron@#$456;3;1;132
Rafael;Rafael@hotmail.com;986.406.078-34 ;(13)90242-4574;Rafael;Rafael@#$456;10;1;146
teste;teste@hotmail.com;280.118.238-92 ;(31)91195-8065;teste;teste@#$456;15;1;159
Alejandro;Alejandro@hotmail.com;020.086.568-45 ;(38)98544-7826;Alejandro;Alejandro@#$456;7;1;39
Fumino;Fumino@hotmail.com;045.398.076-76 ;(39)93820-0532;Fumino;Fumino@#$456;12;1;23
Harngdar;Harngdar@hotmail.com;401.417.748-35 ;(41)91327-9822;Harngdar;Harngdar@#$456;10;1;56
Ramzi;Ramzi@hotmail.com;373.012.248-77 ;(17)91659-9262;Ramzi;Ramzi@#$456;1;1;4
Mona;Mona@hotmail.com;746.291.318-68 ;(91)93029-3457;Mona;Mona@#$456;5;1;41
Ulises;Ulises@hotmail.com;392.592.018-88 ;(71)98506-8239;Ulises;Ulises@#$456;17;1;138
Zorica;Zorica@hotmail.com;344.032.368-47 ;(56)96458-0890;Zorica;Zorica@#$456;10;1;17
Kwan;Kwan@hotmail.com;076.882.928-32 ;(30)91346-8226;Kwan;Kwan@#$456;17;1;79
Remzi;Remzi@hotmail.com;321.744.058-73 ;(01)94797-1986;Remzi;Remzi@#$456;12;1;103
Ipke;Ipke@hotmail.com;276.967.428-50 ;(40)91319-2286;Ipke;Ipke@#$456;6;1;100
Subhankar;Subhankar@hotmail.com;339.190.888-24 ;(09)97689-8439;Subhankar;Subhankar@#$456;12;1;96
Maha;Maha@hotmail.com;332.902.868-86 ;(77)95484-3407;Maha;Maha@#$456;15;1;64
Gianluca;Gianluca@hotmail.com;316.691.788-89 ;(10)97039-9929;Gianluca;Gianluca@#$456;15;1;7
Jongsuk;Jongsuk@hotmail.com;400.732.558-82 ;(05)97042-3381;Jongsuk;Jongsuk@#$456;7;1;2
Murthy;Murthy@hotmail.com;307.746.388-18 ;(46)99893-8690;Murthy;Murthy@#$456;2;1;96
Akemi;Akemi@hotmail.com;371.839.518-55 ;(60)90690-9909;Akemi;Akemi@#$456;17;1;160
Freyja;Freyja@hotmail.com;318.275.998-12 ;(79)99032-8432;Freyja;Freyja@#$456;8;1;132
Izaskun;Izaskun@hotmail.com;222.374.788-48 ;(21)90606-5042;Izaskun;Izaskun@#$456;16;1;99
Zvonko;Zvonko@hotmail.com;324.062.678-06 ;(59)91580-5843;Zvonko;Zvonko@#$456;9;1;154
Werner;Werner@hotmail.com;076.872.888-66 ;(33)91625-0563;Werner;Werner@#$456;16;1;120
Sajjad;Sajjad@hotmail.com;405.560.538-26 ;(69)97357-7892;Sajjad;Sajjad@#$456;9;1;63
Sanjit;Sanjit@hotmail.com;045.717.148-07 ;(08)96044-5729;Sanjit;Sanjit@#$456;10;1;74
Moon;Moon@hotmail.com;342.969.508-27 ;(35)93969-6952;Moon;Moon@#$456;12;1;21
Haldun;Haldun@hotmail.com;307.214.998-48 ;(26)94042-9700;Haldun;Haldun@#$456;8;1;40
Shigenori;Shigenori@hotmail.com;306.975.338-83 ;(60)90157-3597;Shigenori;Shigenori@#$456;1;1;92
Shakhar;Shakhar@hotmail.com;356.582.938-98 ;(36)97236-8551;Shakhar;Shakhar@#$456;17;1;67
Tetsurou;Tetsurou@hotmail.com;254.010.248-43 ;(01)96213-3199;Tetsurou;Tetsurou@#$456;2;1;15
Froduald;Froduald@hotmail.com;308.833.098-58 ;(90)98743-6149;Froduald;Froduald@#$456;4;1;29
Susanna;Susanna@hotmail.com;296.320.738-78 ;(22)92907-4105;Susanna;Susanna@#$456;1;1;91
Taizo;Taizo@hotmail.com;181.167.058-06 ;(68)94016-9189;Taizo;Taizo@#$456;13;1;123
Behnaam;Behnaam@hotmail.com;164.011.428-98 ;(66)96038-5377;Behnaam;Behnaam@#$456;6;1;106
Arun;Arun@hotmail.com;151.257.448-16 ;(96)95717-7703;Arun;Arun@#$456;17;1;149
Perla;Perla@hotmail.com;405.771.488-00 ;(54)96147-9396;Perla;Perla@#$456;17;1;124
Ottavia;Ottavia@hotmail.com;302.446.678-96 ;(57)93326-1020;Ottavia;Ottavia@#$456;15;1;109
Hyuncheol;Hyuncheol@hotmail.com;048.632.206-85 ;(87)99546-6811;Hyuncheol;Hyuncheol@#$456;13;1;11
Wuxu;Wuxu@hotmail.com;366.705.288-09 ;(82)96520-5900;Wuxu;Wuxu@#$456;8;1;128
Gilbert;Gilbert@hotmail.com;049.670.176-22 ;(34)99050-3681;Gilbert;Gilbert@#$456;9;1;25
Sedat;Sedat@hotmail.com;136.586.488-05 ;(77)97436-5484;Sedat;Sedat@#$456;8;1;49
Kazuhito;Kazuhito@hotmail.com;132.255.198-71 ;(50)99559-5669;Kazuhito;Kazuhito@#$456;11;1;16
Arco;Arco@hotmail.com;259.743.498-22 ;(60)96632-5562;Arco;Arco@#$456;13;1;24
Woody;Woody@hotmail.com;276.269.768-94 ;(46)96021-9684;Woody;Woody@#$456;2;1;44
Sadegh;Sadegh@hotmail.com;082.187.078-59 ;(89)92758-3490;Sadegh;Sadegh@#$456;6;1;50
Lucien;Lucien@hotmail.com;284.002.298-27 ;(66)98813-5469;Lucien;Lucien@#$456;4;1;146
Willard;Willard@hotmail.com;071.078.888-62 ;(39)94481-3272;Willard;Willard@#$456;4;1;97
Hatsukazu;Hatsukazu@hotmail.com;181.950.008-00 ;(09)97831-8364;Hatsukazu;Hatsukazu@#$456;10;1;151
Reinhold;Reinhold@hotmail.com;199.628.288-30 ;(53)92887-5788;Reinhold;Reinhold@#$456;10;1;72
Francoise;Francoise@hotmail.com;025.001.766-06 ;(23)94377-1991;Francoise;Francoise@#$456;14;1;2
Prasadram;Prasadram@hotmail.com;248.937.798-18 ;(70)93887-5270;Prasadram;Prasadram@#$456;2;1;105
Marc;Marc@hotmail.com;217.098.258-20 ;(09)93750-6479;Marc;Marc@#$456;9;1;152
Yakichi;Yakichi@hotmail.com;321.488.188-48 ;(22)95944-9646;Yakichi;Yakichi@#$456;12;1;84
Gunilla;Gunilla@hotmail.com;374.702.618-42 ;(75)95408-2142;Gunilla;Gunilla@#$456;10;1;14
Huai;Huai@hotmail.com;356.515.318-07 ;(70)96860-6688;Huai;Huai@#$456;5;1;10
Temple;Temple@hotmail.com;132.341.148-89 ;(38)93879-2369;Temple;Temple@#$456;8;1;75
Mariusz;Mariusz@hotmail.com;863.466.878-91 ;(24)99061-4922;Mariusz;Mariusz@#$456;6;1;131
Kotesh;Kotesh@hotmail.com;383.115.908-42 ;(91)97983-7611;Kotesh;Kotesh@#$456;1;1;156
Gad;Gad@hotmail.com;363.018.828-14 ;(59)92425-1143;Gad;Gad@#$456;9;1;159
Constantine;Constantine@hotmail.com;172.153.008-89 ;(44)92592-8227;Constantine;Constantine@#$456;6;1;107
Geraldo;Geraldo@hotmail.com;351.296.058-88 ;(97)91248-4539;Geraldo;Geraldo@#$456;14;1;58
Valery;Valery@hotmail.com;294.130.128-30 ;(54)97069-5059;Valery;Valery@#$456;8;1;113
Ortrud;Ortrud@hotmail.com;227.715.598-54 ;(85)93145-3193;Ortrud;Ortrud@#$456;13;1;127
Kazuhira;Kazuhira@hotmail.com;195.012.808-37 ;(16)93909-2057;Kazuhira;Kazuhira@#$456;9;1;110
Vatsa;Vatsa@hotmail.com;299.237.678-76 ;(28)91231-8367;Vatsa;Vatsa@#$456;5;1;3
Lillian;Lillian@hotmail.com;327.835.018-99 ;(98)93524-4536;Lillian;Lillian@#$456;17;1;55
Stella;Stella@hotmail.com;289.177.928-20 ;(75)92683-1584;Stella;Stella@#$456;10;1;33
Hongzhu;Hongzhu@hotmail.com;321.406.398-71 ;(06)97151-7207;Hongzhu;Hongzhu@#$456;7;1;103
Krister;Krister@hotmail.com;275.090.848-57 ;(33)93889-1419;Krister;Krister@#$456;14;1;121
Jayesh;Jayesh@hotmail.com;394.454.308-40 ;(35)98674-5285;Jayesh;Jayesh@#$456;2;1;141
Golgen;Golgen@hotmail.com;299.372.458-42 ;(66)94747-7280;Golgen;Golgen@#$456;10;1;6
Unal;Unal@hotmail.com;335.323.538-81 ;(18)93008-1985;Unal;Unal@#$456;5;1;120
Sanjoy;Sanjoy@hotmail.com;345.890.398-42 ;(62)93175-9246;Sanjoy;Sanjoy@#$456;3;1;145
Torsten;Torsten@hotmail.com;157.910.908-03 ;(83)93615-4205;Torsten;Torsten@#$456;14;1;130
Kannan;Kannan@hotmail.com;301.448.008-88 ;(46)91281-1377;Kannan;Kannan@#$456;3;1;93
Fai;Fai@hotmail.com;346.834.158-01 ;(09)92584-0539;Fai;Fai@#$456;7;1;60
Marsha;Marsha@hotmail.com;345.700.228-20 ;(65)90292-3538;Marsha;Marsha@#$456;5;1;98
Baziley;Baziley@hotmail.com;144.495.308-70 ;(40)90613-3993;Baziley;Baziley@#$456;17;1;20
Rance;Rance@hotmail.com;157.910.798-26 ;(29)97792-1918;Rance;Rance@#$456;14;1;152
True;True@hotmail.com;382.842.568-27 ;(10)93339-6201;True;True@#$456;15;1;122
Tsz;Tsz@hotmail.com;380.996.448-40 ;(08)94414-4527;Tsz;Tsz@#$456;16;1;74
Amstein;Amstein@hotmail.com;157.381.928-00 ;(04)94263-4486;Amstein;Amstein@#$456;9;1;137
Yakkov;Yakkov@hotmail.com;421.312.978-07 ;(29)98160-2832;Yakkov;Yakkov@#$456;6;1;35
Weiwu;Weiwu@hotmail.com;364.762.358-00 ;(87)98223-5975;Weiwu;Weiwu@#$456;2;1;40
Surveyors;Surveyors@hotmail.com;355.487.438-80 ;(28)90635-4996;Surveyors;Surveyors@#$456;9;1;77
Luise;Luise@hotmail.com;295.973.328-25 ;(87)95994-3211;Luise;Luise@#$456;12;1;71
Emdad;Emdad@hotmail.com;275.721.648-11 ;(94)93292-0572;Emdad;Emdad@#$456;8;1;62
Zhonghui;Zhonghui@hotmail.com;377.448.378-78 ;(88)97336-3952;Zhonghui;Zhonghui@#$456;15;1;41
Sibyl;Sibyl@hotmail.com;151.256.998-45 ;(11)96659-7696;Sibyl;Sibyl@#$456;13;1;146
Mohua;Mohua@hotmail.com;346.012.428-86 ;(28)99585-3192;Mohua;Mohua@#$456;12;1;111
Heon;Heon@hotmail.com;487.000.618-91 ;(66)93392-9200;Heon;Heon@#$456;16;1;71
Shen;Shen@hotmail.com;384.213.778-84 ;(77)99645-6069;Shen;Shen@#$456;2;1;102
Apostol;Apostol@hotmail.com;307.917.358-93 ;(65)97188-0187;Apostol;Apostol@#$456;4;1;148
Tsutomu;Tsutomu@hotmail.com;336.131.838-62 ;(21)97509-5132;Tsutomu;Tsutomu@#$456;8;1;103
Takahira;Takahira@hotmail.com;279.691.178-05 ;(28)92853-4420;Takahira;Takahira@#$456;3;1;58
Xiaoheng;Xiaoheng@hotmail.com;181.825.978-89 ;(91)98829-7079;Xiaoheng;Xiaoheng@#$456;17;1;109
Feixiong;Feixiong@hotmail.com;249.989.788-02 ;(44)92304-6229;Feixiong;Feixiong@#$456;11;1;151
Divier;Divier@hotmail.com;232.253.808-65 ;(57)96911-1210;Divier;Divier@#$456;6;1;93
Teunis;Teunis@hotmail.com;230.754.868-84 ;(08)96067-7581;Teunis;Teunis@#$456;17;1;72
Subbu;Subbu@hotmail.com;266.407.078-96 ;(15)90522-8144;Subbu;Subbu@#$456;15;1;130
Kwun;Kwun@hotmail.com;354.786.578-67 ;(13)90242-4574;Kwun;Kwun@#$456;2;1;77
Ebbe;Ebbe@hotmail.com;332.870.178-88 ;(35)90025-9451;Ebbe;Ebbe@#$456;8;1;115
Hatim;Hatim@hotmail.com;429.115.448-89 ;(50)90259-4515;Hatim;Hatim@#$456;14;1;54
Larisa;Larisa@hotmail.com;327.989.438-76 ;(15)97274-0432;Larisa;Larisa@#$456;9;1;156
Shao;Shao@hotmail.com;383.931.898-02 ;(72)94486-2598;Shao;Shao@#$456;1;1;124
Dipankar;Dipankar@hotmail.com;364.509.208-07 ;(51)96417-1082;Dipankar;Dipankar@#$456;5;1;120
Barna;Barna@hotmail.com;326.106.558-35 ;(64)93058-3741;Barna;Barna@#$456;1;1;66
Zhenbing;Zhenbing@hotmail.com;292.891.528-18 ;(95)98584-5601;Zhenbing;Zhenbing@#$456;8;1;21
Shay;Shay@hotmail.com;419.946.188-41 ;(75)99560-4960;Shay;Shay@#$456;4;1;33
Toshimori;Toshimori@hotmail.com;379.218.548-26 ;(90)99847-2571;Toshimori;Toshimori@#$456;4;1;42
Mori;Mori@hotmail.com;175.354.268-59 ;(67)99026-1348;Mori;Mori@#$456;15;1;14
Leni;Leni@hotmail.com;002.815.478-90 ;(43)96475-0890;Leni;Leni@#$456;3;1;49
Sadun;Sadun@hotmail.com;294.171.038-81 ;(88)93619-3300;Sadun;Sadun@#$456;15;1;54
Gudjon;Gudjon@hotmail.com;281.181.733-64;(01)93627-1166;Gudjon;Gudjon@#$456;5;1;23
Renee;Renee@hotmail.com;323.281.172-87;(20)93811-7206;Renee;Renee@#$456;2;1;95
Tomokazu;Tomokazu@hotmail.com;746.712.304-37;(42)92455-4565;Tomokazu;Tomokazu@#$456;6;1;72
Gaurav;Gaurav@hotmail.com;676.065.433-13;(91)99731-3966;Gaurav;Gaurav@#$456;9;1;51
Paris;Paris@hotmail.com;548.042.165-45;(94)91124-1856;Paris;Paris@#$456;7;1;81
Sukumar;Sukumar@hotmail.com;450.250.855-19;(80)96352-0099;Sukumar;Sukumar@#$456;4;1;132
Takahito;Takahito@hotmail.com;582.551.303-57;(97)95014-6746;Takahito;Takahito@#$456;15;1;70
Susuma;Susuma@hotmail.com;363.615.035-93;(67)94093-5533;Susuma;Susuma@#$456;13;1;24
Eirik;Eirik@hotmail.com;302.406.534-24;(07)91272-1741;Eirik;Eirik@#$456;17;1;158
Sadok;Sadok@hotmail.com;047.721.226-30;(01)95473-9365;Sadok;Sadok@#$456;3;1;150
Alejandra;Alejandra@hotmail.com;150.407.160-36;(15)90416-8528;Alejandra;Alejandra@#$456;16;1;139
Atilio;Atilio@hotmail.com;008.515.807-00;(30)91629-0330;Atilio;Atilio@#$456;11;1;27
Arnould;Arnould@hotmail.com;433.167.384-79;(95)92346-0971;Arnould;Arnould@#$456;9;1;36
Nahum;Nahum@hotmail.com;154.305.048-40;(86)97442-6350;Nahum;Nahum@#$456;17;1;110
Kousuke;Kousuke@hotmail.com;003.068.072-70;(76)96670-0759;Kousuke;Kousuke@#$456;8;1;12
Alper;Alper@hotmail.com;474.677.631-82;(83)97447-2530;Alper;Alper@#$456;9;1;117
Maik;Maik@hotmail.com;742.437.414-17;(04)96310-9136;Maik;Maik@#$456;11;1;53
Hailing;Hailing@hotmail.com;085.111.438-58;(02)94122-7255;Hailing;Hailing@#$456;11;1;116
Dinkar;Dinkar@hotmail.com;516.467.882-90;(30)90036-4384;Dinkar;Dinkar@#$456;11;1;36
Jamaludin;Jamaludin@hotmail.com;141.404.665-02;(58)99570-9480;Jamaludin;Jamaludin@#$456;9;1;27
Adin;Adin@hotmail.com;036.666.131-01;(31)99592-1484;Adin;Adin@#$456;11;1;48
Maia;Maia@hotmail.com;803.546.578-36;(95)98691-4300;Maia;Maia@#$456;5;1;3
Bilhanan;Bilhanan@hotmail.com;138.763.516-69;(96)99053-9603;Bilhanan;Bilhanan@#$456;1;1;75
Berni;Berni@hotmail.com;814.754.288-71;(09)97201-1561;Berni;Berni@#$456;14;1;6
Godehard;Godehard@hotmail.com;343.067.606-18;(47)99623-7257;Godehard;Godehard@#$456;5;1;77
Piyawadee;Piyawadee@hotmail.com;578.325.652-84;(58)94971-9090;Piyawadee;Piyawadee@#$456;4;1;82
Edwin;Edwin@hotmail.com;874.467.431-74;(63)90855-5650;Edwin;Edwin@#$456;17;1;103
Kensyu;Kensyu@hotmail.com;065.815.668-37;(57)96849-4189;Kensyu;Kensyu@#$456;3;1;95
Hitofumi;Hitofumi@hotmail.com;155.020.885-37;(38)97588-4881;Hitofumi;Hitofumi@#$456;10;1;43
Brewster;Brewster@hotmail.com;842.433.537-60;(80)97454-0695;Brewster;Brewster@#$456;2;1;42
Karsten;Karsten@hotmail.com;500.286.530-50;(64)97589-4788;Karsten;Karsten@#$456;4;1;51
Georgy;Georgy@hotmail.com;687.402.706-96;(63)94482-2951;Georgy;Georgy@#$456;8;1;150
Huican;Huican@hotmail.com;862.160.811-10;(26)95761-6242;Huican;Huican@#$456;15;1;99
Radoslaw;Radoslaw@hotmail.com;626.182.073-27;(28)94131-0176;Radoslaw;Radoslaw@#$456;7;1;75
Ronnie;Ronnie@hotmail.com;521.814.836-98;(11)93442-9622;Ronnie;Ronnie@#$456;16;1;60
Michaela;Michaela@hotmail.com;542.231.716-58;(89)98961-4976;Michaela;Michaela@#$456;13;1;75
Aran;Aran@hotmail.com;402.071.163-18;(18)91393-1683;Aran;Aran@#$456;12;1;152
Sachar;Sachar@hotmail.com;538.382.236-40;(18)91477-6004;Sachar;Sachar@#$456;15;1;7
Mountaz;Mountaz@hotmail.com;100.633.553-61;(84)96086-7549;Mountaz;Mountaz@#$456;11;1;55
Subhada;Subhada@hotmail.com;860.700.046-20;(63)93959-7878;Subhada;Subhada@#$456;12;1;70
Steve;Steve@hotmail.com;426.120.773-75;(83)94694-6445;Steve;Steve@#$456;5;1;52
Aloke;Aloke@hotmail.com;046.547.311-30;(15)97732-2278;Aloke;Aloke@#$456;2;1;125
Mitsuyuki;Mitsuyuki@hotmail.com;157.351.400-43;(08)91059-7465;Mitsuyuki;Mitsuyuki@#$456;5;1;127
Arne;Arne@hotmail.com;563.617.803-41;(12)97581-0402;Arne;Arne@#$456;1;1;114
Mario;Mario@hotmail.com;331.056.824-57;(70)92025-7118;Mario;Mario@#$456;1;1;53
JoAnna;JoAnna@hotmail.com;738.135.636-85;(28)95259-9160;JoAnna;JoAnna@#$456;13;1;49
Lalit;Lalit@hotmail.com;735.351.444-26;(46)92566-6863;Lalit;Lalit@#$456;9;1;88
Thanasis;Thanasis@hotmail.com;152.327.373-92;(94)91423-6029;Thanasis;Thanasis@#$456;13;1;84
Shahaf;Shahaf@hotmail.com;736.441.461-44;(72)95716-3218;Shahaf;Shahaf@#$456;16;1;152
Moriyoshi;Moriyoshi@hotmail.com;062.600.220-69;(33)95094-7336;Moriyoshi;Moriyoshi@#$456;14;1;8
Angel;Angel@hotmail.com;831.348.067-03;(41)90781-0708;Angel;Angel@#$456;6;1;16
Byong;Byong@hotmail.com;651.672.664-75;(55)91293-3727;Byong;Byong@#$456;12;1;88
Muzhong;Muzhong@hotmail.com;603.422.361-05;(88)90254-6220;Muzhong;Muzhong@#$456;3;1;94
Tamiya;Tamiya@hotmail.com;682.448.568-31;(28)92390-4799;Tamiya;Tamiya@#$456;1;1;6
Mabo;Mabo@hotmail.com;634.220.411-09;(12)91569-8496;Mabo;Mabo@#$456;3;1;132
Nahla;Nahla@hotmail.com;377.373.482-47;(09)98450-6659;Nahla;Nahla@#$456;11;1;101
Macha;Macha@hotmail.com;732.441.585-79;(72)94762-7648;Macha;Macha@#$456;11;1;153
Khalil;Khalil@hotmail.com;800.517.042-42;(64)96520-5826;Khalil;Khalil@#$456;5;1;83
Eishiro;Eishiro@hotmail.com;816.081.074-18;(00)93179-6644;Eishiro;Eishiro@#$456;7;1;81
Akeel;Akeel@hotmail.com;054.653.021-43;(91)95192-6823;Akeel;Akeel@#$456;7;1;108
Toshimitsu;Toshimitsu@hotmail.com;758.208.113-72;(88)94843-0021;Toshimitsu;Toshimitsu@#$456;10;1;118
Ult;Ult@hotmail.com;303.884.011-41;(52)98595-0349;Ult;Ult@#$456;15;1;124
Chanjung;Chanjung@hotmail.com;617.101.270-07;(01)94372-5153;Chanjung;Chanjung@#$456;3;1;63
Abdelghani;Abdelghani@hotmail.com;861.200.187-00;(01)94325-6461;Abdelghani;Abdelghani@#$456;11;1;46
Khalid;Khalid@hotmail.com;816.874.080-76;(56)96179-5746;Khalid;Khalid@#$456;3;1;109
Mayuri;Mayuri@hotmail.com;131.545.844-63;(99)96147-6876;Mayuri;Mayuri@#$456;17;1;65
Xinan;Xinan@hotmail.com;203.557.353-00;(10)93767-3849;Xinan;Xinan@#$456;4;1;146
Toshiko;Toshiko@hotmail.com;783.803.336-59;(10)92169-6285;Toshiko;Toshiko@#$456;3;1;35
Sanjeeva;Sanjeeva@hotmail.com;363.843.450-80;(47)96245-9161;Sanjeeva;Sanjeeva@#$456;17;1;14
Chrisa;Chrisa@hotmail.com;034.017.385-85;(98)99627-1132;Chrisa;Chrisa@#$456;1;1;15
Yongdong;Yongdong@hotmail.com;328.313.774-98;(54)98500-3528;Yongdong;Yongdong@#$456;5;1;35
Bodo;Bodo@hotmail.com;454.616.824-13;(90)97408-0110;Bodo;Bodo@#$456;13;1;17
Tze;Tze@hotmail.com;350.854.732-99;(06)92884-1167;Tze;Tze@#$456;4;1;145
Kirk;Kirk@hotmail.com;472.476.055-96;(42)96561-7456;Kirk;Kirk@#$456;4;1;134
Toshimi;Toshimi@hotmail.com;605.035.456-19;(21)95126-3273;Toshimi;Toshimi@#$456;1;1;59
Fatemeh;Fatemeh@hotmail.com;433.115.618-48;(01)97439-1046;Fatemeh;Fatemeh@#$456;9;1;58
Zhigen;Zhigen@hotmail.com;400.703.442-72;(02)99293-8681;Zhigen;Zhigen@#$456;7;1;2
Chaoyi;Chaoyi@hotmail.com;702.177.471-08;(32)90053-8928;Chaoyi;Chaoyi@#$456;2;1;55
Anneke;Anneke@hotmail.com;855.484.566-87;(03)94954-4175;Anneke;Anneke@#$456;8;1;120
Teiji;Teiji@hotmail.com;351.011.558-96;(78)93060-9793;Teiji;Teiji@#$456;17;1;44
JoAnne;JoAnne@hotmail.com;608.028.008-66;(04)96325-5065;JoAnne;JoAnne@#$456;10;1;52
Shem;Shem@hotmail.com;578.562.548-23;(05)99590-2549;Shem;Shem@#$456;17;1;40
Fan;Fan@hotmail.com;718.770.625-10;(80)90908-8488;Fan;Fan@#$456;4;1;49
Reinhard;Reinhard@hotmail.com;186.304.646-15;(42)90071-7357;Reinhard;Reinhard@#$456;4;1;2
Shridhar;Shridhar@hotmail.com;304.660.040-28;(43)99554-0589;Shridhar;Shridhar@#$456;6;1;72
Shuho;Shuho@hotmail.com;671.485.835-35;(89)96670-5690;Shuho;Shuho@#$456;17;1;7
Ramalingam;Ramalingam@hotmail.com;808.735.458-34;(90)97180-6691;Ramalingam;Ramalingam@#$456;7;1;45
Guttorm;Guttorm@hotmail.com;440.433.547-46;(86)95370-1670;Guttorm;Guttorm@#$456;7;1;30
Tadahiko;Tadahiko@hotmail.com;052.725.521-13;(47)93420-4393;Tadahiko;Tadahiko@#$456;4;1;98
Junsik;Junsik@hotmail.com;488.887.302-06;(65)92718-7276;Junsik;Junsik@#$456;8;1;65
Zhonghua;Zhonghua@hotmail.com;010.674.675-80;(33)96061-0508;Zhonghua;Zhonghua@#$456;3;1;102
Jianhua;Jianhua@hotmail.com;454.106.268-26;(21)90168-3211;Jianhua;Jianhua@#$456;6;1;22
Houman;Houman@hotmail.com;043.627.774-31;(20)96210-1364;Houman;Houman@#$456;6;1;46
Ute;Ute@hotmail.com;027.832.857-11;(24)93359-3346;Ute;Ute@#$456;2;1;155
Adas;Adas@hotmail.com;254.478.233-15;(57)91404-5158;Adas;Adas@#$456;1;1;70
Nevio;Nevio@hotmail.com;815.765.670-28;(20)94327-9651;Nevio;Nevio@#$456;8;1;114
Sanjay;Sanjay@hotmail.com;745.244.650-06;(95)97881-3568;Sanjay;Sanjay@#$456;17;1;83
Chuanti;Chuanti@hotmail.com;131.214.118-29;(83)92283-8760;Chuanti;Chuanti@#$456;12;1;19
Nirmal;Nirmal@hotmail.com;371.658.054-60;(04)99846-3582;Nirmal;Nirmal@#$456;1;1;25
Kwangho;Kwangho@hotmail.com;514.754.460-71;(51)90745-3371;Kwangho;Kwangho@#$456;6;1;154
Oguz;Oguz@hotmail.com;047.760.354-80;(94)95322-9309;Oguz;Oguz@#$456;12;1;101
Ekawit;Ekawit@hotmail.com;738.115.647-49;(98)92617-4490;Ekawit;Ekawit@#$456;10;1;119
Chirstian;Chirstian@hotmail.com;312.144.713-07;(97)99413-1301;Chirstian;Chirstian@#$456;2;1;48
Morrie;Morrie@hotmail.com;474.002.040-84;(55)90744-8428;Morrie;Morrie@#$456;9;1;108
Shichao;Shichao@hotmail.com;122.673.177-53;(44)94198-0040;Shichao;Shichao@#$456;17;1;99
George;George@hotmail.com;267.268.405-78;(44)90763-7713;George;George@#$456;7;1;95
Heekeun;Heekeun@hotmail.com;863.888.785-04;(21)97692-8752;Heekeun;Heekeun@#$456;13;1;86
Jiakeng;Jiakeng@hotmail.com;748.206.546-67;(94)91852-2506;Jiakeng;Jiakeng@#$456;16;1;25
Marke;Marke@hotmail.com;276.582.878-49;(04)95423-6558;Marke;Marke@#$456;5;1;53
Manton;Manton@hotmail.com;672.006.658-78;(34)96533-0560;Manton;Manton@#$456;1;1;67
Shaowei;Shaowei@hotmail.com;336.602.646-44;(89)95010-1801;Shaowei;Shaowei@#$456;13;1;108
Tooru;Tooru@hotmail.com;545.640.857-00;(66)95921-5088;Tooru;Tooru@#$456;9;1;104
Gian;Gian@hotmail.com;163.734.705-71;(44)98853-4632;Gian;Gian@#$456;8;1;90
Nimmagadda;Nimmagadda@hotmail.com;417.585.172-04;(82)97936-9595;Nimmagadda;Nimmagadda@#$456;17;1;78
Kristinn;Kristinn@hotmail.com;788.025.234-79;(54)94604-5909;Kristinn;Kristinn@#$456;14;1;10
Shaw;Shaw@hotmail.com;613.400.301-87;(87)99215-5404;Shaw;Shaw@#$456;14;1;104
Munehiro;Munehiro@hotmail.com;575.645.874-31;(73)91326-3788;Munehiro;Munehiro@#$456;9;1;69
Juyoung;Juyoung@hotmail.com;250.804.306-05;(35)92801-8057;Juyoung;Juyoung@#$456;10;1;63
Hideo;Hideo@hotmail.com;451.323.581-01;(49)90954-0918;Hideo;Hideo@#$456;7;1;30
Lucian;Lucian@hotmail.com;267.877.886-06;(21)95953-8461;Lucian;Lucian@#$456;12;1;53
Youjian;Youjian@hotmail.com;074.814.172-37;(89)90080-6581;Youjian;Youjian@#$456;5;1;126
Amabile;Amabile@hotmail.com;201.558.543-56;(81)99319-4927;Amabile;Amabile@#$456;8;1;156
Krassimir;Krassimir@hotmail.com;221.276.366-27;(76)97141-7606;Krassimir;Krassimir@#$456;9;1;76
Nitsan;Nitsan@hotmail.com;630.823.210-62;(16)94239-1440;Nitsan;Nitsan@#$456;17;1;149
Zita;Zita@hotmail.com;166.221.836-27;(43)96386-5583;Zita;Zita@#$456;1;1;73
Arnd;Arnd@hotmail.com;502.125.866-45;(54)96612-7778;Arnd;Arnd@#$456;15;1;79
Aris;Aris@hotmail.com;471.118.677-85;(21)97122-6270;Aris;Aris@#$456;14;1;160
Masamitsu;Masamitsu@hotmail.com;355.030.543-50;(43)94099-9204;Masamitsu;Masamitsu@#$456;13;1;50
Aron;Aron@hotmail.com;151.474.056-74;(70)98986-7619;Aron;Aron@#$456;5;1;8
Zengping;Zengping@hotmail.com;413.550.653-48;(91)90172-8782;Zengping;Zengping@#$456;9;1;18
Radhakrishnan;Radhakrishnan@hotmail.com;403.072.245-89;(23)90123-2709;Radhakrishnan;Radhakrishnan@#$456;4;1;33
Irena;Irena@hotmail.com;237.540.770-90;(98)96563-7516;Irena;Irena@#$456;5;1;30
Gadiel;Gadiel@hotmail.com;581.276.016-08;(18)93360-2914;Gadiel;Gadiel@#$456;9;1;131
Christoph;Christoph@hotmail.com;566.077.387-70;(26)96594-5924;Christoph;Christoph@#$456;11;1;110
Rasikan;Rasikan@hotmail.com;443.453.277-41;(80)94289-3464;Rasikan;Rasikan@#$456;12;1;93
Arumugam;Arumugam@hotmail.com;588.732.165-28;(98)99009-2534;Arumugam;Arumugam@#$456;13;1;50
Shigeu;Shigeu@hotmail.com;145.512.450-89;(09)91451-6995;Shigeu;Shigeu@#$456;9;1;37
Maris;Maris@hotmail.com;255.154.232-40;(47)98413-0569;Maris;Maris@#$456;1;1;3
Arto;Arto@hotmail.com;847.031.443-28;(60)95520-9739;Arto;Arto@#$456;14;1;45
Maria;Maria@hotmail.com;553.005.766-70;(43)92602-5520;Maria;Maria@#$456;12;1;144
Krisda;Krisda@hotmail.com;667.648.805-14;(14)94440-0447;Krisda;Krisda@#$456;3;1;78
Miyeon;Miyeon@hotmail.com;065.608.418-98;(92)97025-3128;Miyeon;Miyeon@#$456;15;1;20
Alair;Alair@hotmail.com;357.374.721-32;(44)96602-9050;Alair;Alair@#$456;11;1;59
Olivera;Olivera@hotmail.com;408.363.401-40;(05)99153-5285;Olivera;Olivera@#$456;14;1;9
Sastry;Sastry@hotmail.com;586.016.228-60;(65)98190-3767;Sastry;Sastry@#$456;3;1;103
Nigel;Nigel@hotmail.com;868.434.014-06;(24)93433-0481;Nigel;Nigel@#$456;3;1;122
Adhemar;Adhemar@hotmail.com;641.816.677-90;(82)95288-0347;Adhemar;Adhemar@#$456;9;1;118
Filipp;Filipp@hotmail.com;500.053.556-13;(28)98216-8980;Filipp;Filipp@#$456;8;1;132
Chiranjit;Chiranjit@hotmail.com;350.884.782-91;(15)98562-4712;Chiranjit;Chiranjit@#$456;17;1;140
Kauko;Kauko@hotmail.com;203.421.325-47;(74)98551-9201;Kauko;Kauko@#$456;7;1;64
Evgueni;Evgueni@hotmail.com;001.241.066-76;(94)92522-4365;Evgueni;Evgueni@#$456;2;1;25
Ishfaq;Ishfaq@hotmail.com;151.552.062-51;(51)95753-9736;Ishfaq;Ishfaq@#$456;13;1;28
Billur;Billur@hotmail.com;726.102.302-73;(11)97319-4203;Billur;Billur@#$456;3;1;128
Kazuhiro;Kazuhiro@hotmail.com;041.506.510-00;(29)99533-2927;Kazuhiro;Kazuhiro@#$456;7;1;62
Lansing;Lansing@hotmail.com;260.611.454-03;(85)96244-5167;Lansing;Lansing@#$456;12;1;27
Kazuhisa;Kazuhisa@hotmail.com;311.685.147-62;(40)93346-4837;Kazuhisa;Kazuhisa@#$456;15;1;28
Guiseppe;Guiseppe@hotmail.com;155.446.382-33;(32)91641-9228;Guiseppe;Guiseppe@#$456;2;1;40
Xianlong;Xianlong@hotmail.com;707.114.726-45;(80)91263-9353;Xianlong;Xianlong@#$456;2;1;56
Arvin;Arvin@hotmail.com;385.757.151-94;(97)99617-0863;Arvin;Arvin@#$456;2;1;24
Ingmar;Ingmar@hotmail.com;231.511.650-36;(70)96908-1869;Ingmar;Ingmar@#$456;14;1;51
Yucel;Yucel@hotmail.com;784.628.072-47;(82)95118-6426;Yucel;Yucel@#$456;13;1;100
Susumu;Susumu@hotmail.com;622.460.238-74;(13)93932-5733;Susumu;Susumu@#$456;7;1;120
Wilmer;Wilmer@hotmail.com;175.718.277-28;(93)97846-4452;Wilmer;Wilmer@#$456;13;1;75
Oksana;Oksana@hotmail.com;723.783.646-36;(03)98802-1743;Oksana;Oksana@#$456;17;1;96
Jouko;Jouko@hotmail.com;130.380.434-43;(73)94991-3393;Jouko;Jouko@#$456;11;1;61
Marit;Marit@hotmail.com;170.847.852-30;(61)91355-8828;Marit;Marit@#$456;5;1;105
Pohua;Pohua@hotmail.com;048.801.421-23;(07)92389-8206;Pohua;Pohua@#$456;17;1;44
Elvis;Elvis@hotmail.com;008.337.367-52;(46)95699-5252;Elvis;Elvis@#$456;9;1;28
Bodh;Bodh@hotmail.com;250.278.202-32;(75)99237-5296;Bodh;Bodh@#$456;5;1;139
Abdelwaheb;Abdelwaheb@hotmail.com;148.501.710-60;(19)98071-0475;Abdelwaheb;Abdelwaheb@#$456;11;1;133
Heejo;Heejo@hotmail.com;151.483.255-00;(21)99261-7854;Heejo;Heejo@#$456;17;1;41
Shim;Shim@hotmail.com;287.433.316-61;(57)97239-2993;Shim;Shim@#$456;5;1;126
Vasiliy;Vasiliy@hotmail.com;550.612.177-64;(74)97841-5018;Vasiliy;Vasiliy@#$456;4;1;41
Gill;Gill@hotmail.com;605.133.284-75;(00)97286-8303;Gill;Gill@#$456;11;1;6
Marsal;Marsal@hotmail.com;446.543.456-12;(76)94783-6223;Marsal;Marsal@#$456;3;1;81
Kristen;Kristen@hotmail.com;188.440.700-57;(02)91171-2623;Kristen;Kristen@#$456;1;1;54
Rimon;Rimon@hotmail.com;511.188.170-01;(06)95659-7804;Rimon;Rimon@#$456;5;1;89
Nevin;Nevin@hotmail.com;452.383.483-04;(42)94886-1231;Nevin;Nevin@#$456;15;1;77
Hatem;Hatem@hotmail.com;800.706.305-69;(42)92659-8969;Hatem;Hatem@#$456;10;1;46
Goncalo;Goncalo@hotmail.com;244.715.115-21;(26)91139-1856;Goncalo;Goncalo@#$456;13;1;68
Minghong;Minghong@hotmail.com;023.816.633-39;(04)99662-9874;Minghong;Minghong@#$456;1;1;156
Mingsen;Mingsen@hotmail.com;132.704.600-82;(90)96996-5918;Mingsen;Mingsen@#$456;14;1;99
Dzung;Dzung@hotmail.com;860.401.344-02;(29)98206-8768;Dzung;Dzung@#$456;16;1;100
Theirry;Theirry@hotmail.com;178.030.521-42;(65)98856-5975;Theirry;Theirry@#$456;15;1;123
Niteen;Niteen@hotmail.com;785.711.778-13;(44)90009-2845;Niteen;Niteen@#$456;6;1;129
Aria;Aria@hotmail.com;351.207.460-04;(28)98876-5581;Aria;Aria@#$456;8;1;130
akira teste;akira teste@hotmail.com;655.051.064-39;(69)96345-1066;akira teste;akira teste@#$456;12;1;90
Huan;Huan@hotmail.com;776.757.743-02;(67)95593-9512;Huan;Huan@#$456;16;1;35
Sumali;Sumali@hotmail.com;423.183.548-98;(00)91667-4881;Sumali;Sumali@#$456;8;1;43
Zhiwei;Zhiwei@hotmail.com;604.325.455-73;(45)92072-6373;Zhiwei;Zhiwei@#$456;10;1;132
Marjo;Marjo@hotmail.com;777.588.803-20;(06)98741-3603;Marjo;Marjo@#$456;4;1;93
Magdalena;Magdalena@hotmail.com;580.861.758-80;(04)96717-7721;Magdalena;Magdalena@#$456;2;1;2
Falguni;Falguni@hotmail.com;714.272.056-55;(61)93920-7747;Falguni;Falguni@#$456;3;1;124
Nobuyoshi;Nobuyoshi@hotmail.com;684.461.347-48;(35)98484-4234;Nobuyoshi;Nobuyoshi@#$456;7;1;155
Shounak;Shounak@hotmail.com;073.378.177-20;(02)98705-9146;Shounak;Shounak@#$456;3;1;61
Saniya;Saniya@hotmail.com;113.360.247-98;(75)96723-2085;Saniya;Saniya@#$456;7;1;91
Jianhao;Jianhao@hotmail.com;370.678.416-58;(69)94146-5935;Jianhao;Jianhao@#$456;8;1;61
Henk;Henk@hotmail.com;832.062.441-02;(12)92723-2869;Henk;Henk@#$456;6;1;3
Kagan;Kagan@hotmail.com;721.610.747-09;(27)97697-4431;Kagan;Kagan@#$456;8;1;21
Conrado;Conrado@hotmail.com;804.087.384-30;(82)98587-8390;Conrado;Conrado@#$456;8;1;132
Garnet;Garnet@hotmail.com;760.703.652-08;(18)98506-2015;Garnet;Garnet@#$456;2;1;111
Persi;Persi@hotmail.com;026.067.573-35;(81)96661-0858;Persi;Persi@#$456;15;1;96
Adit;Adit@hotmail.com;732.185.331-47;(34)99133-0392;Adit;Adit@#$456;11;1;152
Mototsugu;Mototsugu@hotmail.com;456.325.888-15;(77)92392-5403;Mototsugu;Mototsugu@#$456;7;1;151
Almudena;Almudena@hotmail.com;333.445.306-58;(70)93802-4938;Almudena;Almudena@#$456;5;1;70
Pranay;Pranay@hotmail.com;884.506.861-72;(39)96600-5222;Pranay;Pranay@#$456;10;1;117
Conor;Conor@hotmail.com;418.168.382-68;(46)90715-7525;Conor;Conor@#$456;16;1;137
Kellie;Kellie@hotmail.com;440.206.018-44;(53)96885-1694;Kellie;Kellie@#$456;11;1;43
Hauke;Hauke@hotmail.com;542.138.726-70;(51)96579-8093;Hauke;Hauke@#$456;8;1;61
Kiyokazu;Kiyokazu@hotmail.com;244.246.184-63;(00)98584-7393;Kiyokazu;Kiyokazu@#$456;15;1;129
Rildo;Rildo@hotmail.com;573.362.431-00;(61)96132-1796;Rildo;Rildo@#$456;11;1;121
Spyrose;Spyrose@hotmail.com;120.434.062-56;(62)96506-5435;Spyrose;Spyrose@#$456;17;1;90
Niranjan;Niranjan@hotmail.com;777.764.627-30;(21)93686-6142;Niranjan;Niranjan@#$456;13;1;95
Duangkaew;Duangkaew@hotmail.com;125.570.780-18;(04)96354-2239;Duangkaew;Duangkaew@#$456;14;1;93
Denis;Denis@hotmail.com;272.715.833-51;(04)96700-1653;Denis;Denis@#$456;16;1;2
Ewing;Ewing@hotmail.com;841.155.431-75;(80)95567-9900;Ewing;Ewing@#$456;2;1;72
Tomoyuki;Tomoyuki@hotmail.com;621.158.131-97;(73)99162-5575;Tomoyuki;Tomoyuki@#$456;4;1;147
Menkae;Menkae@hotmail.com;052.231.785-56;(33)90446-9837;Menkae;Menkae@#$456;9;1;100
Sachio;Sachio@hotmail.com;684.770.162-59;(92)96725-8395;Sachio;Sachio@#$456;3;1;111
Chenyi;Chenyi@hotmail.com;451.273.018-49;(96)93119-8792;Chenyi;Chenyi@#$456;5;1;100
Badri;Badri@hotmail.com;426.105.315-24;(06)95764-1330;Badri;Badri@#$456;15;1;96
Kristine;Kristine@hotmail.com;532.603.806-47;(97)99552-4193;Kristine;Kristine@#$456;9;1;111
Sorina;Sorina@hotmail.com;502.706.268-08;(24)99237-1682;Sorina;Sorina@#$456;15;1;37
Toong;Toong@hotmail.com;401.413.474-14;(39)99803-2191;Toong;Toong@#$456;10;1;67
Tzvetan;Tzvetan@hotmail.com;845.577.727-30;(87)95116-0543;Tzvetan;Tzvetan@#$456;3;1;154
Bojan;Bojan@hotmail.com;435.135.375-90;(35)94070-8932;Bojan;Bojan@#$456;5;1;22
Oddvar;Oddvar@hotmail.com;265.075.253-08;(21)90532-5514;Oddvar;Oddvar@#$456;10;1;36
Zijian;Zijian@hotmail.com;852.012.357-00;(65)94369-7901;Zijian;Zijian@#$456;17;1;78
Yunming;Yunming@hotmail.com;263.302.860-86;(41)92502-8321;Yunming;Yunming@#$456;11;1;69
Rayond;Rayond@hotmail.com;853.674.402-23;(26)98523-6653;Rayond;Rayond@#$456;2;1;82
Kazuyasu;Kazuyasu@hotmail.com;321.041.600-14;(96)97947-9524;Kazuyasu;Kazuyasu@#$456;1;1;132
Utz;Utz@hotmail.com;818.667.412-84;(59)98772-9962;Utz;Utz@#$456;7;1;30
Achilleas;Achilleas@hotmail.com;686.821.120-19;(47)97744-3862;Achilleas;Achilleas@#$456;10;1;96
Itzchak;Itzchak@hotmail.com;566.615.813-95;(31)99114-4629;Itzchak;Itzchak@#$456;17;1;123
Nakhoon;Nakhoon@hotmail.com;813.320.811-42;(06)93262-9984;Nakhoon;Nakhoon@#$456;7;1;20
Lidong;Lidong@hotmail.com;753.555.143-24;(62)91059-6840;Lidong;Lidong@#$456;7;1;58
Mark;Mark@hotmail.com;334.203.802-08;(41)92958-1532;Mark;Mark@#$456;1;1;128
Sugwoo;Sugwoo@hotmail.com;756.102.486-04;(75)98058-8954;Sugwoo;Sugwoo@#$456;12;1;144
Zhanqiu;Zhanqiu@hotmail.com;326.241.454-94;(75)98716-2277;Zhanqiu;Zhanqiu@#$456;2;1;51
Tadanori;Tadanori@hotmail.com;482.172.880-03;(96)90785-1079;Tadanori;Tadanori@#$456;10;1;110
Siddarth;Siddarth@hotmail.com;805.406.454-35;(69)91471-0238;Siddarth;Siddarth@#$456;3;1;48
Sreekrishna;Sreekrishna@hotmail.com;774.622.308-79;(16)99892-5665;Sreekrishna;Sreekrishna@#$456;12;1;113
Dinah;Dinah@hotmail.com;051.508.667-33;(62)91142-9385;Dinah;Dinah@#$456;14;1;103
Qunsheng;Qunsheng@hotmail.com;538.531.348-31;(00)90103-4916;Qunsheng;Qunsheng@#$456;11;1;152
Nectarios;Nectarios@hotmail.com;356.166.828-37;(14)95301-0546;Nectarios;Nectarios@#$456;1;1;45
Weiru;Weiru@hotmail.com;116.173.608-56;(58)92886-6396;Weiru;Weiru@#$456;2;1;77
Manu;Manu@hotmail.com;076.080.021-90;(08)94433-6997;Manu;Manu@#$456;1;1;107
Parviz;Parviz@hotmail.com;663.857.702-65;(41)94510-0886;Parviz;Parviz@#$456;8;1;136
Shaunak;Shaunak@hotmail.com;170.830.261-14;(14)95808-7718;Shaunak;Shaunak@#$456;12;1;158
Hyuckchul;Hyuckchul@hotmail.com;207.613.836-62;(53)99999-8632;Hyuckchul;Hyuckchul@#$456;11;1;38
Martien;Martien@hotmail.com;716.350.110-27;(88)99887-7448;Martien;Martien@#$456;17;1;78
Sandeepan;Sandeepan@hotmail.com;121.688.083-25;(97)99857-0336;Sandeepan;Sandeepan@#$456;5;1;36
Manohar;Manohar@hotmail.com;071.170.784-72;(35)96232-6505;Manohar;Manohar@#$456;6;1;126
Bowen;Bowen@hotmail.com;207.666.157-31;(04)92816-3043;Bowen;Bowen@#$456;5;1;126
Marsja;Marsja@hotmail.com;662.420.187-80;(41)92116-5738;Marsja;Marsja@#$456;8;1;38
Paraskevi;Paraskevi@hotmail.com;025.624.367-09;(91)96272-3363;Paraskevi;Paraskevi@#$456;5;1;33
Masoud;Masoud@hotmail.com;405.581.833-52;(82)99559-9874;Masoud;Masoud@#$456;11;1;26
Katsuo;Katsuo@hotmail.com;160.045.424-07;(05)91609-0919;Katsuo;Katsuo@#$456;4;1;109
Xuejia;Xuejia@hotmail.com;202.650.345-15;(82)98051-7995;Xuejia;Xuejia@#$456;7;1;150
Mang;Mang@hotmail.com;368.331.332-39;(80)96805-5456;Mang;Mang@#$456;2;1;29
Jiann;Jiann@hotmail.com;442.820.303-99;(62)91531-7215;Jiann;Jiann@#$456;17;1;104
Gretta;Gretta@hotmail.com;435.621.480-38;(06)90239-1909;Gretta;Gretta@#$456;17;1;119
Yaghout;Yaghout@hotmail.com;080.108.806-20;(77)90235-7964;Yaghout;Yaghout@#$456;2;1;151
Weidon;Weidon@hotmail.com;363.331.410-54;(79)95878-0230;Weidon;Weidon@#$456;9;1;30
Neelam;Neelam@hotmail.com;127.048.478-86;(33)93342-4321;Neelam;Neelam@#$456;9;1;109
Guadalupe;Guadalupe@hotmail.com;434.033.088-47;(34)95925-5673;Guadalupe;Guadalupe@#$456;10;1;72
Karlis;Karlis@hotmail.com;004.147.443-06;(32)93126-5359;Karlis;Karlis@#$456;12;1;30
Dharmaraja;Dharmaraja@hotmail.com;587.455.378-95;(82)91175-4968;Dharmaraja;Dharmaraja@#$456;11;1;110
Luisa;Luisa@hotmail.com;664.472.465-56;(27)95732-5688;Luisa;Luisa@#$456;17;1;148
Tua;Tua@hotmail.com;441.213.563-22;(10)92765-3522;Tua;Tua@#$456;3;1;107
Mamdouh;Mamdouh@hotmail.com;022.661.835-83;(34)95984-5688;Mamdouh;Mamdouh@#$456;9;1;3
Yongmin;Yongmin@hotmail.com;250.588.737-37;(45)97603-5926;Yongmin;Yongmin@#$456;8;1;67
Fun;Fun@hotmail.com;261.211.028-37;(44)95081-3197;Fun;Fun@#$456;1;1;119
Aleksander;Aleksander@hotmail.com;536.132.436-10;(56)93920-8042;Aleksander;Aleksander@#$456;2;1;112
JiYoung;JiYoung@hotmail.com;205.723.402-90;(19)96546-8153;JiYoung;JiYoung@#$456;10;1;4
Lakshmi;Lakshmi@hotmail.com;086.010.217-35;(14)94275-1516;Lakshmi;Lakshmi@#$456;3;1;123
Anwar;Anwar@hotmail.com;204.106.474-97;(46)95445-9720;Anwar;Anwar@#$456;3;1;36
Weicheng;Weicheng@hotmail.com;278.852.803-57;(95)90541-0782;Weicheng;Weicheng@#$456;8;1;79
Zhilian;Zhilian@hotmail.com;815.725.212-10;(34)99965-0275;Zhilian;Zhilian@#$456;7;1;114
Arie;Arie@hotmail.com;401.471.670-86;(20)93890-0970;Arie;Arie@#$456;13;1;151
Nathalie;Nathalie@hotmail.com;357.450.783-67;(75)90967-8891;Nathalie;Nathalie@#$456;5;1;29
Jeanna;Jeanna@hotmail.com;328.543.070-20;(90)99402-2515;Jeanna;Jeanna@#$456;2;1;147
Chinho;Chinho@hotmail.com;662.726.402-18;(53)94644-3401;Chinho;Chinho@#$456;3;1;100
Suvo;Suvo@hotmail.com;102.235.427-25;(01)96895-7087;Suvo;Suvo@#$456;7;1;43
Branimir;Branimir@hotmail.com;587.701.710-17;(81)91046-2928;Branimir;Branimir@#$456;11;1;6
Mayumi;Mayumi@hotmail.com;178.300.884-97;(74)97182-1022;Mayumi;Mayumi@#$456;4;1;128
Selwyn;Selwyn@hotmail.com;831.034.384-19;(90)91582-3532;Selwyn;Selwyn@#$456;1;1;41
Munehiko;Munehiko@hotmail.com;285.443.087-59;(42)90150-4331;Munehiko;Munehiko@#$456;3;1;59
Takanari;Takanari@hotmail.com;501.028.113-93;(02)97347-6695;Takanari;Takanari@#$456;2;1;31
Kitty;Kitty@hotmail.com;203.010.622-42;(10)94349-7661;Kitty;Kitty@#$456;11;1;154
Jackson;Jackson@hotmail.com;034.768.100-03;(60)93629-0415;Jackson;Jackson@#$456;11;1;100
Cathie;Cathie@hotmail.com;753.088.648-70;(81)99224-9523;Cathie;Cathie@#$456;12;1;118
Gurbir;Gurbir@hotmail.com;056.267.320-20;(90)95841-2979;Gurbir;Gurbir@#$456;8;1;97
Masaki;Masaki@hotmail.com;287.740.281-97;(15)91066-2220;Masaki;Masaki@#$456;13;1;85
Ramachenga;Ramachenga@hotmail.com;037.220.044-38;(22)96712-9589;Ramachenga;Ramachenga@#$456;14;1;148
Nancy;Nancy@hotmail.com;743.653.508-03;(37)99409-2984;Nancy;Nancy@#$456;11;1;78
Eben;Eben@hotmail.com;824.226.537-23;(05)92674-9782;Eben;Eben@#$456;16;1;157
Kiyotoshi;Kiyotoshi@hotmail.com;453.455.758-27;(59)91797-6820;Kiyotoshi;Kiyotoshi@#$456;6;1;37
Shietung;Shietung@hotmail.com;556.255.733-95;(25)96176-0220;Shietung;Shietung@#$456;16;1;91
Huei;Huei@hotmail.com;865.013.281-28;(47)94861-7913;Huei;Huei@#$456;6;1;147
Bernd;Bernd@hotmail.com;177.168.115-25;(31)97076-3726;Bernd;Bernd@#$456;12;1;74
Leaf;Leaf@hotmail.com;708.347.361-79;(98)90693-8903;Leaf;Leaf@#$456;12;1;98
Uzi;Uzi@hotmail.com;255.418.631-63;(42)94693-8212;Uzi;Uzi@#$456;9;1;80
Marla;Marla@hotmail.com;274.251.688-39;(93)91569-7317;Marla;Marla@#$456;13;1;9
Rutger;Rutger@hotmail.com;883.203.380-18;(23)91621-6581;Rutger;Rutger@#$456;5;1;72
DAIDA;DAIDA@hotmail.com;711.018.863-90;(28)97660-8947;DAIDA;DAIDA@#$456;16;1;73
Xiahua;Xiahua@hotmail.com;272.187.077-77;(53)99412-6849;Xiahua;Xiahua@#$456;15;1;134
Volkmar;Volkmar@hotmail.com;641.308.436-72;(55)94629-5378;Volkmar;Volkmar@#$456;15;1;8
Khosrow;Khosrow@hotmail.com;773.781.002-18;(44)98528-9005;Khosrow;Khosrow@#$456;2;1;37
Rajmohan;Rajmohan@hotmail.com;731.333.822-84;(90)94272-7743;Rajmohan;Rajmohan@#$456;1;1;21
Suebskul;Suebskul@hotmail.com;708.415.818-94;(89)95859-5310;Suebskul;Suebskul@#$456;7;1;76
Mantis;Mantis@hotmail.com;750.173.825-42;(05)99850-8138;Mantis;Mantis@#$456;6;1;52
Wonhee;Wonhee@hotmail.com;313.256.553-92;(70)99976-4092;Wonhee;Wonhee@#$456;17;1;48
Aiman;Aiman@hotmail.com;231.854.535-90;(51)95469-6766;Aiman;Aiman@#$456;4;1;134
Marl;Marl@hotmail.com;502.674.815-51;(65)98649-0217;Marl;Marl@#$456;13;1;111
Arunas;Arunas@hotmail.com;858.227.436-09;(17)91712-7422;Arunas;Arunas@#$456;12;1;141
Xiaoqiu;Xiaoqiu@hotmail.com;387.882.206-56;(86)92829-5921;Xiaoqiu;Xiaoqiu@#$456;2;1;51
Halsur;Halsur@hotmail.com;436.052.762-45;(08)98081-2643;Halsur;Halsur@#$456;6;1;149
Zeydy;Zeydy@hotmail.com;160.061.384-50;(51)95780-0059;Zeydy;Zeydy@#$456;14;1;68
Marin;Marin@hotmail.com;810.632.200-92;(87)90729-9440;Marin;Marin@#$456;14;1;53
Quingbo;Quingbo@hotmail.com;810.660.140-43;(31)92438-9725;Quingbo;Quingbo@#$456;5;1;127
Brigham;Brigham@hotmail.com;648.714.478-98;(83)97848-4362;Brigham;Brigham@#$456;9;1;36
Bezalel;Bezalel@hotmail.com;435.740.702-84;(70)94609-1024;Bezalel;Bezalel@#$456;10;1;143
Hausi;Hausi@hotmail.com;224.817.850-61;(59)95483-6425;Hausi;Hausi@#$456;8;1;74
Salvador;Salvador@hotmail.com;476.720.784-37;(04)91985-6173;Salvador;Salvador@#$456;3;1;149
Sachem;Sachem@hotmail.com;882.131.600-96;(10)92013-3649;Sachem;Sachem@#$456;2;1;134
Brendon;Brendon@hotmail.com;087.418.343-05;(03)94408-6567;Brendon;Brendon@#$456;12;1;86
Mokhtar;Mokhtar@hotmail.com;675.720.214-09;(76)98320-0521;Mokhtar;Mokhtar@#$456;13;1;138
Gay;Gay@hotmail.com;205.251.251-91;(42)97763-2593;Gay;Gay@#$456;14;1;120
Geoffry;Geoffry@hotmail.com;531.313.456-67;(47)99345-9157;Geoffry;Geoffry@#$456;16;1;112
Masaru;Masaru@hotmail.com;412.284.470-39;(30)90316-6211;Masaru;Masaru@#$456;1;1;12
Kasidit;Kasidit@hotmail.com;471.607.567-20;(99)92228-2576;Kasidit;Kasidit@#$456;17;1;146
Junichi;Junichi@hotmail.com;444.021.774-56;(60)98209-7770;Junichi;Junichi@#$456;9;1;25
Terresa;Terresa@hotmail.com;175.533.242-48;(84)99412-6275;Terresa;Terresa@#$456;2;1;120
Hitomi;Hitomi@hotmail.com;280.417.213-97;(08)94800-5732;Hitomi;Hitomi@#$456;3;1;50
Elrique;Elrique@hotmail.com;486.767.004-94;(24)97115-9237;Elrique;Elrique@#$456;6;1;33
Marie;Marie@hotmail.com;388.786.485-90;(31)99571-3233;Marie;Marie@#$456;7;1;90
Danai;Danai@hotmail.com;200.414.103-43;(72)91879-2974;Danai;Danai@#$456;9;1;102
Neven;Neven@hotmail.com;834.408.576-46;(55)96048-4268;Neven;Neven@#$456;11;1;124
Arvind;Arvind@hotmail.com;701.543.543-84;(53)91774-0158;Arvind;Arvind@#$456;10;1;18
Gen;Gen@hotmail.com;152.543.012-28;(66)90680-3348;Gen;Gen@#$456;4;1;152
Xuedong;Xuedong@hotmail.com;482.855.460-20;(09)93945-6291;Xuedong;Xuedong@#$456;10;1;133
Dhritiman;Dhritiman@hotmail.com;665.415.201-86;(08)93494-9886;Dhritiman;Dhritiman@#$456;12;1;85
Noritoshi;Noritoshi@hotmail.com;886.051.284-02;(92)94957-4455;Noritoshi;Noritoshi@#$456;14;1;51
Hilary;Hilary@hotmail.com;342.633.087-35;(95)98510-4374;Hilary;Hilary@#$456;3;1;142
Adil;Adil@hotmail.com;720.565.351-73;(08)91589-4443;Adil;Adil@#$456;5;1;31
Duke;Duke@hotmail.com;054.326.280-40;(82)92676-2301;Duke;Duke@#$456;2;1;19
Shaleah;Shaleah@hotmail.com;402.461.843-10;(96)99002-7548;Shaleah;Shaleah@#$456;6;1;101
Uinam;Uinam@hotmail.com;086.632.236-17;(54)91585-0129;Uinam;Uinam@#$456;2;1;56
Ashish;Ashish@hotmail.com;011.388.375-71;(45)91175-2931;Ashish;Ashish@#$456;4;1;5
Baoqiu;Baoqiu@hotmail.com;454.331.027-69;(22)96591-9755;Baoqiu;Baoqiu@#$456;15;1;53
Domenico;Domenico@hotmail.com;457.450.053-00;(71)99311-5050;Domenico;Domenico@#$456;11;1;102
Tran;Tran@hotmail.com;282.172.524-83;(71)93242-6589;Tran;Tran@#$456;8;1;108
Xuejun;Xuejun@hotmail.com;875.681.028-82;(44)97644-1068;Xuejun;Xuejun@#$456;14;1;100
Danae;Danae@hotmail.com;711.303.286-94;(61)92773-3791;Danae;Danae@#$456;9;1;58
Mingzeng;Mingzeng@hotmail.com;561.070.450-23;(34)92508-4968;Mingzeng;Mingzeng@#$456;14;1;117
Mani;Mani@hotmail.com;133.055.261-06;(35)98869-4501;Mani;Mani@#$456;13;1;38
Anoosh;Anoosh@hotmail.com;755.031.724-00;(39)93630-5498;Anoosh;Anoosh@#$456;5;1;89
Lein;Lein@hotmail.com;721.185.734-05;(24)90099-7841;Lein;Lein@#$456;9;1;20
Yechiam;Yechiam@hotmail.com;613.365.848-74;(39)99245-2515;Yechiam;Yechiam@#$456;7;1;82
Sariel;Sariel@hotmail.com;708.064.253-18;(52)98673-6628;Sariel;Sariel@#$456;6;1;2
Lihong;Lihong@hotmail.com;630.863.500-67;(29)90278-6810;Lihong;Lihong@#$456;3;1;92
Demin;Demin@hotmail.com;700.216.381-79;(12)92658-8034;Demin;Demin@#$456;11;1;62
Mabry;Mabry@hotmail.com;458.618.533-39;(10)90467-7599;Mabry;Mabry@#$456;7;1;25
Gino;Gino@hotmail.com;101.884.215-21;(92)92890-9971;Gino;Gino@#$456;10;1;43
Duro;Duro@hotmail.com;333.760.107-30;(98)97867-1003;Duro;Duro@#$456;1;1;92
Barton;Barton@hotmail.com;618.132.264-74;(18)98954-8597;Barton;Barton@#$456;9;1;47
Martins;Martins@hotmail.com;853.800.317-81;(15)97256-9789;Martins;Martins@#$456;14;1;87
Valeri;Valeri@hotmail.com;867.414.645-73;(57)92393-4256;Valeri;Valeri@#$456;3;1;140
Aram;Aram@hotmail.com;008.648.008-19;(35)95831-7199;Aram;Aram@#$456;14;1;15
Dekang;Dekang@hotmail.com;680.547.286-54;(61)93310-1167;Dekang;Dekang@#$456;13;1;146
Mart;Mart@hotmail.com;571.226.604-00;(81)98151-7110;Mart;Mart@#$456;3;1;25
Alexius;Alexius@hotmail.com;723.512.375-36;(79)90862-8604;Alexius;Alexius@#$456;15;1;126
Sanjiv;Sanjiv@hotmail.com;335.021.842-32;(38)99491-0719;Sanjiv;Sanjiv@#$456;6;1;61
Herbert;Herbert@hotmail.com;868.542.163-20;(91)94186-2930;Herbert;Herbert@#$456;9;1;33
Anneli;Anneli@hotmail.com;650.471.615-36;(49)95671-6200;Anneli;Anneli@#$456;4;1;93
